<lxs>
    <scene root="sceneRoot" axis_length="5"/>

    <views default="defaultCamera">
        <perspective id="defaultCamera" near="0.1" far="500" angle="45">
            <from x="30" y="15" z="30" />
            <to x="0" y="-2" z="0" />
        </perspective>
        <perspective id="perspective1" near="0.1" far="500" angle="45">
            <from x="15" y="15" z="-3" />
            <to x="0" y="-2" z="0" />
        </perspective>
        <perspective id="perspective2" near="0.1" far="500" angle="45">
            <from x="15" y="5.5" z="2.5" />
            <to x="3" y="3.5" z="2" />
        </perspective>
        <ortho id="orthoCamera1" near="0.1" far="500" left="-30" right="30" top="30" bottom="-30">
            <from x="30" y="15" z="30" />
            <to x="0" y="-2" z="0" />
            <up x="0" y="1" z="0" />
        </ortho>
        <ortho id="orthoCamera2" near="0.1" far="500" left="-20" right="20" top="20" bottom="-20">
            <from x="0" y="15" z="15" />
            <to x="0" y="-2" z="0" />
            <up x="0" y="1" z="0" />
        </ortho>
    </views>

    <globals>
        <ambient r="0.2" g="0.2" b="0.2" a="1.0" />
        <background r="0.0" g="0.0" b="0.0" a="1.0" />
    </globals>

    <lights>
        <omni id="ligth1" enabled="0">
            <location x="10" y="10" z="2" w="1.0" />
            <ambient r="0.0" g="0.0" b="0.0" a="1.0" />
            <diffuse r="0.5" g="0.5" b="0.5" a="1.0" />
            <specular r="0.2" g="0.2" b="0.2" a="1.0" />
            <attenuation constant="1.0" linear="0" quadratic="0" />
        </omni>
        <omni id="ligth2" enabled="0">
            <location x="-8" y="10" z="2" w="1.0" />
            <ambient r="0.0" g="0.0" b="0.0" a="1.0" />
            <diffuse r="0.5" g="0.5" b="0.5" a="1.0" />
            <specular r="0.2" g="0.2" b="0.2" a="1.0" />
            <attenuation constant="1.0" linear="0" quadratic="0" />
        </omni>
        <spot id="spotRed" enabled="1" angle="45.0" exponent="1">
            <location x="-1.0" y="10.0" z="-2.5" w="1.0" />
            <target x="4.0" y="-6.5" z="4.0" />
            <ambient r="0.0" g="0.0" b="0.0" a="1.0" />
            <diffuse r="1.0" g="0.0" b="0.0" a="1.0" />
            <specular r="0.2" g="0.2" b="0.2" a="1.0" />
            <attenuation constant="1.0" linear="0" quadratic="0" />
        </spot>
        <spot id="spotGreen" enabled="1" angle="45.0" exponent="1">
            <location x="7.0" y="10.0" z="2.5" w="1.0" />
            <target x="-5.0" y="-6.5" z="0.0" />
            <ambient r="0.0" g="0.0" b="0.0" a="1.0" />
            <diffuse r="0.0" g="1.0" b="0.0" a="1.0" />
            <specular r="0.2" g="0.2" b="0.2" a="1.0" />
            <attenuation constant="1.0" linear="0" quadratic="0" />
        </spot>
        <spot id="spotBlue" enabled="0" angle="45.0" exponent="1">
            <location x="-1.0" y="10.0" z="6.5" w="1.0" />
            <target x="3.0" y="-6.5" z="-4.0" />
            <ambient r="0.0" g="0.0" b="0.0" a="1.0" />
            <diffuse r="0.0" g="0.0" b="1.0" a="1.0" />
            <specular r="0.2" g="0.2" b="0.2" a="1.0" />
            <attenuation constant="1.0" linear="0" quadratic="0" />
        </spot>
    </lights>

    <textures>
        <texture id="aquarium" file="scenes/images/aquarium.jpg" />
        <texture id="fabric" file="scenes/images/grey-fabric.jpg" />
        <texture id="floor" file="scenes/images/floor.jpg" />
        <texture id="wood" file="scenes/images/wood.jpg" />
        <texture id="metalic" file="scenes/images/metalic.jpg" />
        <texture id="wall" file="scenes/images/wall.jpg" />
        <texture id="door" file="scenes/images/door.jpg" />
        <texture id="photo" file="scenes/images/photo.jpg" />
        <texture id="darkRubber" file="scenes/images/darkRubber.jpg" />
    </textures>

    <materials>
        <material id="demoMaterial" shininess="1">
            <emission r="0.5" g="0.5" b="0.9" a="1.0" />
            <ambient r="0.5" g="0.5" b="0.8" a="1.0" />
            <diffuse r="0.5" g="0.5" b="0.9" a="1.0" />
            <specular r="0.5" g="0.5" b="0.9" a="1.0" />
        </material>
        <material id="woodMaterial" shininess="1">
            <emission r="0.8" g="0.5" b="0" a="1.0" />
            <ambient r="0.8" g="0.5" b="0" a="1.0" />
            <diffuse r="0.8" g="0.0" b="0.0" a="1.0" />
            <specular r="0.2" g="0.5" b="0.0" a="1.0" />
        </material>
        <material id="glassMaterial" shininess="0.088">
            <emission r="0.01" g="0.01" b="0.01" a="1.0" />
            <ambient r="0.25" g="0.207" b="0.207" a="1.0" />
            <diffuse r="1" g="0.83" b="0.83" a="1.0" />
            <specular r="0.3" g="0.3" b="0.3" a="1.0" />
        </material>
        <material id="metalMaterial" shininess="0.6">
            <emission r="0.30" g="0.3" b="0.3" a="1.0" />
            <ambient r="0.25" g="0.25" b="0.25" a="1.0" />
            <diffuse r="0.4" g="0.4" b="0.4" a="1.0" />
            <specular r="0.77" g="0.77" b="0.77" a="1.0" />
        </material>
        <material id="whiterubberMaterial" shininess="0.78">
            <emission r="0.5" g="0.5" b="0.5" a="1.0" />
            <ambient r="0.05" g="0.05" b="0.05" a="1.0" />
            <diffuse r="0.5" g="0.5" b="0.5" a="1.0" />
            <specular r="0.7" g="0.7" b="0.7" a="1.0" />
        </material>
        
    </materials>

    <transformations>
        <transformation id="demoTransform">
            <scale x="5" y="1" z="5" />
            <rotate axis="x" angle="-45" />
            <rotate axis="z" angle="-45" />
        </transformation>
    </transformations>

    <primitives>
        <primitive id="Rectangle">
            <rectangle x1="-0.5" y1="-0.5" x2="0.5" y2="0.5" />
        </primitive>
        <primitive id="Triangle">
            <triangle x1="0" y1="0" z1="0" x2="3" y2="0" z2="0" x3="3" y3="2" z3="0" />
        </primitive>
        <primitive id="Cylinder">
            <cylinder top="1" base="1"  height="3" stacks="10" slices="10" />
        </primitive>
        <primitive id="Sphere">
            <sphere radius="0.5" slices="100" stacks="100"/>
        </primitive>
        <primitive id="Torus">
            <torus inner="0.5" outer="1" slices="100" loops="100" />
        </primitive>
    </primitives>

    <components>
        <!--Root Node-->
        <component id="sceneRoot">
            <transformation>
            </transformation>
            <materials>
                <material id="demoMaterial" />
            </materials>
            <texture id="metalic" length_s="1" length_t="1" />
            <children>
                <componentref id="table" />
                <componentref id="chairs" />
                <componentref id="aquarium" />
                <componentref id="aquariumBase" />
                <componentref id="floor" />
                <componentref id="walls" />
                <componentref id="painting" />
                
            </children>
        </component>


        <!--Table-->
        <component id="table">
            <transformation>
            </transformation>
            <materials>
                <material id="woodMaterial" />
                <material id="demoMaterial" />
                <material id="glassMaterial" />
                <material id="whiterubberMaterial" />
            </materials>
            <texture id="wood" length_s="1" length_t="1" />
            <children>
                <componentref id="tableTop" />
                <componentref id="tableLegs" />
            </children>
        </component>
        
        <component id="tableTop">
            <transformation>
                <translate x="3" y="3" z="2" />
                <scale x="6.5" y="0.2" z="4.5" />
            </transformation>
            <materials>
                <material id="inherit" />
            </materials>
            <texture id="inherit" />
            <children>
                <componentref id="tableCube" />
            </children>
        </component>
       
        <!--Table Legs-->
        <component id="tableLegs">
            <transformation>
                <scale x="0.2" y="1" z="0.2" />
                
            </transformation>
            <materials>
                <material id="inherit" />
            </materials>
            <texture id="inherit" />
            <children>
                <componentref id="leg1" />
                <componentref id="leg2" />
                <componentref id="leg3" />
                <componentref id="leg4" />
            </children>
        </component>
        <component id="leg1">
            <transformation>
                <rotate axis="x" angle="-90" />
            </transformation>
            <materials>
                <material id="inherit" />
            </materials>
            <texture id="inherit" />
            <children>
                <primitiveref id="Cylinder" />
            </children>
        </component>
        <component id="leg2">
            <transformation>
                <translate x="0" y="0" z="20" />
                <rotate axis="x" angle="-90" />
            </transformation>
            <materials>
                <material id="inherit" />
            </materials>
            <texture id="inherit" />
            <children>
                <primitiveref id="Cylinder" />
            </children>
        </component>
        <component id="leg3">
            <transformation>
                <translate x="30" y="0" z="0" />
                <rotate axis="x" angle="-90" />
            </transformation>
            <materials>
                <material id="inherit" />
            </materials>
            <texture id="inherit" />
            <children>
                <primitiveref id="Cylinder" />
            </children>
        </component>
        <component id="leg4">
            <transformation>
                <translate x="30" y="0" z="20" />
                <rotate axis="x" angle="-90" />
            </transformation>
            <materials>
                <material id="inherit" />
            </materials>
            <texture id="inherit" />
            <children>
                <primitiveref id="Cylinder" />
            </children>
        </component>


        <!--CHAIRS-->
        <component id="chairs">
            <transformation>
            </transformation>
            <materials>
                <material id="inherit" />
            </materials>
            <texture id="none" />
            <children>
                <componentref id="chair1" />
                <componentref id="chair2" />
            </children>
        </component>
                <!--Chair1-->
        <component id="chair1">
            <transformation>
                <translate x="-0.8" y="0" z="1" />
            </transformation>
            <materials>
                <material id="metalMaterial" />
            </materials>
            <texture id="metalic" length_s="1" length_t="1" />
            <children>
                <componenref id="seat" />
                <componenref id="chairLegs" />
                <componenref id="backrest" />
        </children>
        </component>

        <component id="seat">
            <transformation>
                <translate x="1" y="1.7" z="1" />
                <scale x="2.2" y="0.2" z="2.2" />
            </transformation>
            <materials>
                <material id="whiterubberMaterial" />
                <material id="demoMaterial" />
                <material id="glassMaterial" />
            </materials>
            <texture id="fabric" length_s="1" length_t="1" />
            <children>
                <componentref id="chairCube" />
            </children>
        </component>
        <component id="backrest">
            <transformation>
                <translate x="-0.2" y="2.7" z="1" />
                <rotate axis="z" angle="100" />
                <scale x="2.2" y="0.2" z="2.2" />
            </transformation>
            <materials>
                <material id="whiterubberMaterial" />
                <material id="demoMaterial" />
                <material id="glassMaterial" />
            </materials>
            <texture id="fabric" length_s="1" length_t="1" />
            <children>
                <componentref id="chairCube" />
            </children>
        </component>
        <component id="chairLegs">
            <transformation>
                
            </transformation>
            <materials>
                <material id="inherit" />
            </materials>
            <texture id="inherit" />
            <children>
                <componentref id="chairLeg1" />
                <componentref id="chairLeg2" />
                <componentref id="chairLeg3" />
                <componentref id="chairLeg4" />
            </children>
        </component>
        <component id="chairLeg1">
            <transformation>
                <rotate axis="x" angle="-90" />
                <scale x="0.1" y="0.1" z="0.6" />
            </transformation>
            <materials>
                <material id="inherit" />
                <material id="demoMaterial" />
                <material id="whiterubberMaterial" />
                <material id="glassMaterial" />
            </materials>
            <texture id="inherit" />
            <children>
                <primitiveref id="Cylinder" />
            </children>
        </component>
         <component id="chairLeg2">
            <transformation>
                <translate x="0" y="0" z="2" />
                <rotate axis="x" angle="-90" />
                <scale x="0.1" y="0.1" z="0.6" />
            </transformation>
            <materials>
                <material id="inherit" />
                <material id="demoMaterial" />
                <material id="whiterubberMaterial" />
                <material id="glassMaterial" />
            </materials>
            <texture id="inherit" />
            <children>
                <primitiveref id="Cylinder" />
            </children>
        </component>
         <component id="chairLeg3">
            <transformation>
                <translate x="2" y="0" z="2" />
                <rotate axis="x" angle="-90" />
                <scale x="0.1" y="0.1" z="0.6" />
            </transformation>
            <materials>
                <material id="inherit" />
                <material id="demoMaterial" />
                <material id="whiterubberMaterial" />
                <material id="glassMaterial" />
            </materials>
            <texture id="inherit" />
            <children>
                <primitiveref id="Cylinder" />
            </children>
        </component>
         <component id="chairLeg4">
            <transformation>
                <translate x="2" y="0" z="0" />
                <rotate axis="x" angle="-90" />
                <scale x="0.1" y="0.1" z="0.6" />
            </transformation>
            <materials>
                <material id="inherit" />
                <material id="demoMaterial" />
                <material id="whiterubberMaterial" />
                <material id="glassMaterial" />
            </materials>
            <texture id="inherit" />
            <children>
                <primitiveref id="Cylinder" />
            </children>
        </component>
                   <!--Chair2-->
        <component id="chair2">
            <transformation>
                <rotate axis="y" angle="180" />
                <translate x="-6.6" y="0" z="-2.8" />
            </transformation>
            <materials>
                <material id="metalMaterial" />
            </materials>
            <texture id="none" />
            <children>
                <componenref id="seat" />
                <componenref id="chairLegs" />
                <componenref id="backrest" />
        </children>
        </component>

        <component id="seat">
            <transformation>
                <translate x="1" y="1.7" z="1" />
                <scale x="2.2" y="0.2" z="2.2" />
            </transformation>
            <materials>
                <material id="whiterubberMaterial" />
                <material id="demoMaterial" />
                <material id="glassMaterial" />
            </materials>
            <texture id="fabric" length_s="1" length_t="1" />
            <children>
                <componentref id="chairCube" />
            </children>
        </component>
        <component id="backrest">
            <transformation>
                <translate x="-0.2" y="2.7" z="1" />
                <rotate axis="z" angle="100" />
                <scale x="2.2" y="0.2" z="2.2" />
            </transformation>
            <materials>
                <material id="whiterubberMaterial" />
                <material id="demoMaterial" />
                <material id="glassMaterial" />
            </materials>
            <texture id="fabric" length_s="1" length_t="1" />
            <children>
                <componentref id="chairCube" />
            </children>
        </component>
        <component id="chairLegs">
            <transformation>
            </transformation>
            <materials>
                <material id="inherit" />
            </materials>
            <texture id="metalic" length_s="1" length_t="1" />
            <children>
                <componentref id="chairLeg1" />
                <componentref id="chairLeg2" />
                <componentref id="chairLeg3" />
                <componentref id="chairLeg4" />
            </children>
        </component>
        <component id="chairLeg1">
            <transformation>
                <rotate axis="x" angle="-90" />
                <scale x="0.1" y="0.1" z="0.6" />
            </transformation>
            <materials>
                <material id="inherit" />
                <material id="whiterubberMaterial" />
                <material id="demoMaterial" />
                <material id="glassMaterial" />
            </materials>
            <texture id="inherit" />
            <children>
                <primitiveref id="Cylinder" />
            </children>
        </component>
         <component id="chairLeg2">
            <transformation>
                <translate x="0" y="0" z="2" />
                <rotate axis="x" angle="-90" />
                <scale x="0.1" y="0.1" z="0.6" />
            </transformation>
            <materials>
                <material id="inherit" />
                <material id="whiterubberMaterial" />
                <material id="demoMaterial" />
                <material id="glassMaterial" />
            </materials>
            <texture id="inherit" />
            <children>
                <primitiveref id="Cylinder" />
            </children>
        </component>
         <component id="chairLeg3">
            <transformation>
                <translate x="2" y="0" z="2" />
                <rotate axis="x" angle="-90" />
                <scale x="0.1" y="0.1" z="0.6" />
            </transformation>
            <materials>
                <material id="inherit" />
                <material id="whiterubberMaterial" />
                <material id="demoMaterial" />
                <material id="glassMaterial" />
            </materials>
            <texture id="inherit" />
            <children>
                <primitiveref id="Cylinder" />
            </children>
        </component>
         <component id="chairLeg4">
            <transformation>
                <translate x="2" y="0" z="0" />
                <rotate axis="x" angle="-90" />
                <scale x="0.1" y="0.1" z="0.6" />
                
            </transformation>
            <materials>
                <material id="inherit" />
                <material id="whiterubberMaterial" />
                <material id="demoMaterial" />
                <material id="glassMaterial" />
            </materials>
            <texture id="inherit" />
            <children>
                <primitiveref id="Cylinder" />
            </children>
        </component>

        <!--AQUARIUM-->
        <component id="aquarium">
            <transformation>
                <sale x="0.1" y="0.1" z="0.1" />
                <translate x="3" y="3.5" z="2" />
            </transformation>
            <materials>
                <material id="glassMaterial" />
                <material id="whiterubberMaterial" />
                <material id="demoMaterial" />
                <material id="glassMaterial" />
            </materials>
            <texture id="aquarium" length_s="1" length_t="1" />
            <children>
                <primitiveref id="Sphere" />
            </children>
        </component>
        <component id="aquariumBase">
            <transformation>
                <translate x="3" y="3.2" z="2" />
                <scale x="0.4" y="0.3" z="0.4" />
                <rotate axis="x" angle="90" />
            </transformation>
            <materials>
                <material id="whiterubberMaterial" />
                <material id="woodMaterial" />
                <material id="demoMaterial" />
                <material id="glassMaterial" />
            </materials>
            <texture id="darkRubber" length_s="1" length_t="1" />
            <children>
                <primitiveref id="Torus" />
            </children>
        </component>

        <!--FLOOR-->
        <component id="floor">
            <transformation>
                <rotate axis="x" angle="-90" />
                <translate x="1" y="-2" z="0" />
                <scale x="30" y="30" z="1" />
            </transformation>
            <materials>
                <material id="whiterubberMaterial" />
                <material id="woodMaterial" />
                <material id="demoMaterial" />
                <material id="glassMaterial" />
            </materials>
            <texture id="floor" length_s="1" length_t="1" />
            <children>
                <primitiveref id="Rectangle" />
            </children>
        </component>

        <!--WALLS-->
        <component id="walls">
            <transformation>
            </transformation>
            <materials>
                <material id="whiterubberMaterial" />
                <material id="woodMaterial" />
                <material id="demoMaterial" />
                <material id="glassMaterial" />
            </materials>
            <texture id="none" />
            <children>
                <componentref id="wall1" />
                <componentref id="wall2" />
                <componentref id="wall3" />
                <componentref id="wall4" />
                <componentref id="door" />
            </children>
        </component>
        
        <component id="wall1">
            <transformation>
                <translate x="1" y="7.5" z="-13" />
                <scale x="30" y="15" z="1" />
            </transformation>
            <materials>
                <material id="inherit" />
            </materials>
            <texture id="wall" length_s="1" length_t="1" />
            <children>
                <primitiveref id="Rectangle"  />
            </children>
        </component>

        <component id="wall2">
            <transformation>
                <translate x="-14" y="7.5" z="2" />
                <rotate axis="y" angle="90" />
                <scale x="30" y="15" z="1" />
            </transformation>
            <materials>
                <material id="inherit" />
            </materials>
            <texture id="wall" length_s="1" length_t="1" />
            <children>
                <primitiveref id="Rectangle"  />
            </children>
        </component>

        <component id="wall3">
            <transformation>
                <translate x="1" y="7.5" z="17" />
                <rotate axis="y" angle="180" />
                <scale x="30" y="15" z="1" />
            </transformation>
            <materials>
                <material id="inherit" />
            </materials>
            <texture id="wall" length_s="1" length_t="1" />
            <children>
                <primitiveref id="Rectangle"  />
            </children>
        </component>

        <component id="wall4">
          <transformation>
            <translate x="16" y="7.5" z="2" />
            <rotate axis="y" angle="-90" />
            <scale x="30" y="15" z="1" />
          </transformation>
          <materials>
            <material id="inherit" />
          </materials>
          <texture id="wall" length_s="1" length_t="1" />
          <children>
            <primitiveref id="Rectangle"  />
          </children>
        </component>

         <component id="door">
            <transformation>
                <rotate axis="y" angle="90" />
                <translate x="-2" y="4.5" z="-13.9" />
                <scale x="4" y="9" z="1" />
            </transformation>
            <materials>
                <material id="woodMaterial" />
                <material id="whiterubberMaterial" />
                <material id="demoMaterial" />
                <material id="glassMaterial" />
            </materials>
            <texture id="door" length_s="1" length_t="1" />
            <children>
                <primitiveref id="Rectangle"  />
            </children>
        </component>
        <component id="painting">
            <transformation>
                <translate x="1" y="8" z="-12.9" />
                <rotate axis="z" angle="-45" />
            </transformation>
            <materials>
                <material id="glassMaterial" />
                <material id="demoMaterial" />
            </materials>
            <texture id="photo" length_s="1" length_t="1" />
            <children>
                <primitiveref id="Triangle"  />
            </children>
        </component>

        <!--CUBE-->
        <component id="chairCube">
            <transformation>
            </transformation>
            <materials>
                <material id="inherit" />
            </materials>
            <texture id="inherit" />
            <children>
                <componentref id="retangleC1" />
                <componentref id="retangle2" />
                <componentref id="retangle3" />
                <componentref id="retangleC4" />
                <componentref id="retangleC5" />
                <componentref id="retangleC6" />
            </children>
        </component>
        <component id="retangleC1">
            <transformation>
                <translate x="-0.5" y="0" z="0" />
                <rotate axis="y" angle="-90" />
            </transformation>
            <materials>
                <material id="inherit" />
            </materials>
            <texture id="inherit" />
            <children>
                <primitiveref id="Rectangle" />
            </children>
        </component>
        <component id="retangle2">
            <transformation>
                <translate x="0" y="0.5" z="0" />
                <rotate axis="x" angle="-90" />
            </transformation>
            <materials>
                <material id="inherit" />
            </materials>
            <texture id="inherit" />
            <children>
                <primitiveref id="Rectangle" />
            </children>
        </component>
        <component id="retangle3">
            <transformation>
                <translate x="0" y="-0.5" z="0" />
                <rotate axis="x" angle="90" />
            </transformation>
            <materials>
                <material id="inherit" />
            </materials>
            <texture id="inherit" />
            <children>
                <primitiveref id="Rectangle" />
            </children>
        </component>
        <component id="retangleC4">
            <transformation>
                <translate x="0.5" y="0" z="0" />
                <rotate axis="y" angle="90" />
            </transformation>
            <materials>
                <material id="inherit" />
            </materials>
            <texture id="inherit" />
            <children>
                <primitiveref id="Rectangle" />
            </children>
        </component>
        <component id="retangleC5">
            <transformation>
                <translate x="0" y="0" z="-0.5" />
                <rotate axis="y" angle="-180" />
            </transformation>
            <materials>
                <material id="inherit" />
            </materials>
            <texture id="inherit" />
            <children>
                <primitiveref id="Rectangle" />
            </children>
        </component>
        <component id="retangleC6">
            <transformation>
                <translate x="0" y="0" z="0.5" />
            </transformation>
            <materials>
                <material id="inherit" />
            </materials>
            <texture id="inherit" />
            <children>
                <primitiveref id="Rectangle" />
            </children>
        </component>

         <component id="tableCube">
            <transformation>
            </transformation>
            <materials>
                <material id="inherit" />
            </materials>
            <texture id="inherit" />
            <children>
                <componentref id="retangleT1" />
                <componentref id="retangle2" />
                <componentref id="retangle3" />
                <componentref id="retangleT4" />
                <componentref id="retangleT5" />
                <componentref id="retangleT6" />
            </children>
        </component>
        <component id="retangleT1">
            <transformation>
                <translate x="-0.5" y="0" z="0" />
                <rotate axis="y" angle="-90" />
            </transformation>
            <materials>
                <material id="inherit" />
            </materials>
            <texture id="wood" length_s="1" length_t="1" />
            <children>
                <primitiveref id="Rectangle" />
            </children>
        </component>
        <component id="retangleT4">
            <transformation>
                <translate x="0.5" y="0" z="0" />
                <rotate axis="y" angle="90" />
            </transformation>
            <materials>
                <material id="inherit" />
            </materials>
            <texture id="wood" length_s="1" length_t="1" />
            <children>
                <primitiveref id="Rectangle" />
            </children>
        </component>
        <component id="retangleT5">
            <transformation>
                <translate x="0" y="0" z="-0.5" />
                <rotate axis="y" angle="-180" />
            </transformation>
            <materials>
                <material id="inherit" />
            </materials>
            <texture id="wood" length_s="1" length_t="1" />
            <children>
                <primitiveref id="Rectangle" />
            </children>
        </component>
        <component id="retangleT6">
            <transformation>
                <translate x="0" y="0" z="0.5" />
            </transformation>
            <materials>
                <material id="inherit" />
            </materials>
            <texture id="wood" length_s="1" length_t="1" />
            <children>
                <primitiveref id="Rectangle" />
            </children>
        </component>

            
    </components>
    
</lxs>